Image Pair,Dice,SSIM,MSE,Mean Dice,Mean SSIM,Mean MSE
1,0.4894201092387577,0.0015986247219539988,0.8248929025617419,-,-,-
2,0.3722350054227631,0.0029912790230345863,0.7754893089573349,-,-,-
3,0.5091105207948676,0.001516974774493815,0.8505884968603952,-,-,-
4,0.48762118293351886,0.002044263346843265,0.7842074022536841,-,-,-
5,0.47628793766987465,0.0028804828226016575,0.8181161081152071,-,-,-
6,0.5277703410911003,0.0028561795937625894,0.8327710468276424,-,-,-
7,0.49841662801825964,0.002444113659855916,0.803583977063944,-,-,-
8,0.4123008472855904,0.0022143531107257004,0.8223219871374615,-,-,-
9,0.45742913615255076,0.003605787880032412,0.7950746715051649,-,-,-
0,0.4492367498724545,0.003100457445787646,0.7569339271978481,-,-,-
1,0.47677099033106507,0.0032865727231066216,0.7544531608174293,-,-,-
2,0.43065637890757574,0.0033107165021928893,0.7838648882771866,-,-,-
3,0.4583066548296348,0.001909779885933859,0.8383511673047845,-,-,-
4,0.4733688565273087,0.002978296479540415,0.817741111636231,-,-,-
5,0.4903440044669112,0.0025009945876104116,0.8363309033662254,-,-,-
6,0.3604463653393736,0.005539902404040212,0.7352308253445047,-,-,-
7,0.47987786949043987,0.0017970257830176727,0.8380977218799363,-,-,-
8,0.4703805065125832,0.003454146983559899,0.8099785179411906,-,-,-
9,0.3238333948358843,0.007821812856736469,0.7354340488996727,-,-,-
0,0.4302294480250999,0.0013519139344773882,0.8699981593346245,-,-,-
1,0.5449675696732657,0.0017157847146586276,0.8420394691607126,-,-,-
2,0.33591967679392165,0.006369382808661441,0.7543520491627133,-,-,-
3,0.4871958795663977,0.0015514058129767266,0.8552380147965458,-,-,-
4,0.45467177765533395,0.0018649402424750856,0.8401194720934797,-,-,-
5,0.41274301368657695,0.003194403908460137,0.7773707669050907,-,-,-
6,0.5261071491536344,0.004792222809666607,0.7600444723574508,-,-,-
7,0.44785525365924544,0.0021570021930602838,0.8470586587932512,-,-,-
8,0.42729622578028625,0.00195278052561687,0.8522379095236203,-,-,-
9,0.4374723372932721,0.004723240987909418,0.7885370949263913,-,-,-
0,0.4205277356050949,0.003596081470167283,0.8190239530611851,-,-,-
1,0.4814027940791544,0.0030180061901315717,0.8127510057036933,-,-,-
2,0.40615996487564904,0.0027367675955729406,0.7620240601151738,-,-,-
3,0.48031448735371374,0.0018009929256264541,0.8255724713928871,-,-,-
4,0.4834858771004741,0.0030431796573076294,0.7972575143867086,-,-,-
5,0.4425550786498619,0.0022401764568744324,0.7869623336372239,-,-,-
6,0.41762268762192506,0.0018398741711534875,0.8386890875162404,-,-,-
7,0.5013981081016327,0.0028994156130661554,0.8258545993416941,-,-,-
8,0.340763410418496,0.0049533162024509286,0.7671251854479617,-,-,-
9,0.46026264841389825,0.0017267860778482672,0.8435824579167001,-,-,-
0,0.4845898832038845,0.002109960516577911,0.8271295432196587,-,-,-
1,0.5513356152115432,0.002083387463657006,0.821652590227031,-,-,-
2,0.40363875039594055,0.005837594376046266,0.7246016559748004,-,-,-
3,0.4472644725995123,0.002794272425247287,0.8030932485054053,-,-,-
4,0.4213028866536725,0.0034991866536485997,0.7845314487449145,-,-,-
5,0.441755850630566,0.0029711156016468112,0.8060372396352045,-,-,-
6,0.45392461902227593,0.0036553892131152566,0.7912652015787731,-,-,-
7,0.48065574341647366,0.002206587624642618,0.8407638086903889,-,-,-
8,0.3518541886803535,0.0034636196356682557,0.7654151403840613,-,-,-
9,0.5344800150119313,0.003355865914428103,0.8007574240074655,-,-,-
0,0.5443856869731417,0.002459942680606455,0.824175739622213,-,-,-
1,0.46096923736449574,0.0017947547549243368,0.8326584450341601,-,-,-
2,0.5483619850000723,0.0017870674469635853,0.8384825930305251,-,-,-
3,0.43857109537989714,0.0019162005766910465,0.8275163032294527,-,-,-
4,0.4915895755546304,0.002583083818989242,0.8180997970830066,-,-,-
5,0.4564373587370726,0.0019419660084415056,0.8556162186533371,-,-,-
6,0.35187067504175823,0.003587441301805983,0.7902630814193117,-,-,-
7,0.488196226688689,0.003170855536845514,0.7818359765483375,-,-,-
8,0.4334600809861108,0.003093629092217447,0.7867632385675518,-,-,-
9,0.4589448630585163,0.00175035059727068,0.8405587039255249,-,-,-
0,0.512970388641263,0.001608254372780303,0.8496047219666255,-,-,-
1,0.3834794971182026,0.005435778008919543,0.7221188410616387,-,-,-
2,0.5109427715721829,0.0021778812568996244,0.825697836405023,-,-,-
3,0.44688589096106174,0.0026780307056030826,0.825598561352582,-,-,-
4,0.3862550085788939,0.003638182153464301,0.7920666716932068,-,-,-
5,0.5183145718064464,0.002801968997909432,0.7942326484063387,-,-,-
6,0.4745525118925401,0.0022033338037957704,0.8128770175203098,-,-,-
7,0.4304067713500301,0.003456000167389559,0.7859988855084532,-,-,-
8,0.4840979489273768,0.003022191541166723,0.7872343869240869,-,-,-
9,0.49302941115020193,0.002025003414199093,0.8226250462550343,-,-,-
0,0.4247190524138706,0.0017278144112425737,0.8474422063320586,-,-,-
1,0.5101793678013341,0.0028313923899828397,0.8085837105242744,-,-,-
2,0.4044640774090178,0.0029678281579025895,0.796294502297168,-,-,-
3,0.48950875609186506,0.00401740972510198,0.7567660011073696,-,-,-
4,0.45711184427306784,0.0014672809252663055,0.8633558766607639,-,-,-
5,0.4442633224344906,0.00242310084742515,0.8164080727918458,-,-,-
6,0.4959804754067613,0.0028195370262366856,0.7811859226466882,-,-,-
7,0.39255567218805026,0.002768473265724739,0.790330692755177,-,-,-
8,0.4843332066513147,0.001522174985851616,0.8495327616493984,-,-,-
9,0.5456932534430844,0.0022322507697989454,0.8156819608163063,-,-,-
0,0.4827068287198517,0.0038769107472973663,0.7921206924645442,-,-,-
1,0.5308203248545563,0.0029713592933243733,0.7907828606615689,-,-,-
2,0.4612003638907745,0.00226630243353776,0.8065372212267703,-,-,-
3,0.44657702696167073,0.0033619440963214295,0.8092378187374158,-,-,-
4,0.5157181810474551,0.001746744386088122,0.8338582573147421,-,-,-
5,0.5027946291058792,0.002655838879888974,0.7974122228255139,-,-,-
6,0.46239260607298716,0.00209058204456293,0.8212703111059139,-,-,-
7,0.41322651033532903,0.0026737592773068285,0.8124883924334122,-,-,-
8,0.4265620191724715,0.004856360141910011,0.7498767015083575,-,-,-
9,0.41847103491228543,0.0034050843733256725,0.784172484017281,-,-,-
0,0.4601571719259257,0.0032223211642169176,0.7883669660914638,-,-,-
1,0.4250952264711882,0.0037838627130047306,0.7922796985898282,-,-,-
2,0.3075708575217578,0.007238758631607504,0.7371274068125343,-,-,-
3,0.5166611143237642,0.0019250943735009852,0.837860968431129,-,-,-
4,0.46392420380645855,0.0027864110748218843,0.8259456761806678,-,-,-
5,0.41743583089563147,0.0036278088416666493,0.814284604127325,-,-,-
6,0.5317603246404418,0.0020143153730225803,0.8119216653033953,-,-,-
7,0.4439095996917982,0.0018744287136357523,0.8304384818061833,-,-,-
8,0.4306462708456939,0.002054501826493371,0.8016988976461572,-,-,-
9,0.4968924441040715,0.0019750996647964147,0.8265833680937034,-,-,-
0,0.4366956892732051,0.001768766991107059,0.8459134988361547,-,-,-
1,0.5178296657823601,0.002751787816844768,0.8056585876020954,-,-,-
2,0.48300518301504614,0.0026401134370969115,0.7954776328968606,-,-,-
3,0.43213856500498327,0.00329871953392781,0.786765148512474,-,-,-
4,0.3589863574595718,0.004392829693204392,0.7714665603499449,-,-,-
5,0.5151146101325781,0.0022203920417620373,0.8223575548098234,-,-,-
6,0.49347575142232836,0.002927669177268047,0.8243277200831091,-,-,-
7,0.4662294624746057,0.0024321905546430683,0.8372734592908814,-,-,-
8,0.40674581020526634,0.002956536498918661,0.7927351867991269,-,-,-
9,0.5352062124919924,0.002300200187758992,0.8218316697710937,-,-,-
0,0.5143787373260138,0.0023767121463334592,0.8085022697505795,-,-,-
1,0.43377661125671746,0.0022194673878590024,0.8038548827465336,-,-,-
2,0.4901393977263532,0.003411545228813291,0.7632613439015342,-,-,-
3,0.4790525010160603,0.0021302783192775803,0.8320839159533971,-,-,-
4,0.44120686954641336,0.004149871084776598,0.7712019688679077,-,-,-
5,0.4022815359729501,0.0027920068234495526,0.7834780668266051,-,-,-
6,0.4988877575856602,0.0026383705301528397,0.8220233098117443,-,-,-
7,0.4505802393455061,0.0028651755058936358,0.7854300489166484,-,-,-
8,0.41757955214173204,0.002007369008789025,0.811538699694927,-,-,-
9,0.47971382900105347,0.0016748318493981968,0.8408926349938053,-,-,-
0,0.47928591660993425,0.002656117535357785,0.8121715734165345,-,-,-
1,0.39948123017079473,0.0025619502779361952,0.8065263228964659,-,-,-
2,0.3903822845309509,0.0043813861563964905,0.7896431948043444,-,-,-
3,0.51409305448982,0.0028583128645395697,0.8006777942909714,-,-,-
4,0.5314283947291093,0.0015553107019810374,0.8526502036381984,-,-,-
5,0.48457978281237774,0.0029847338894763847,0.7965070365377169,-,-,-
6,0.45298568109032256,0.0015033135310146537,0.8407192171060598,-,-,-
7,0.3968204928763766,0.002663646692496012,0.8100241835385669,-,-,-
8,0.4428849740244333,0.002623716799469007,0.7838587619358351,-,-,-
9,0.5204824636557734,0.0038662453971170263,0.7936968437620656,-,-,-
0,0.4875708042167371,0.0024865727148277133,0.8261703698761649,-,-,-
1,0.39388150248012993,0.00688303032271145,0.7339552525388375,-,-,-
2,0.5167456695050118,0.002376402387641813,0.8138193128471563,-,-,-
3,0.46705954901764973,0.001682350053807436,0.8524375775820433,-,-,-
4,0.4478608135860241,0.002132721669746864,0.8366341186916907,-,-,-
5,0.4983748058061711,0.0019655720831746088,0.8661084770686129,-,-,-
6,0.4978644504236513,0.001650665980997143,0.8476732774111376,-,-,-
7,0.44287229173915577,0.0018667299617156697,0.8565010058534328,-,-,-
8,0.4647724296469022,0.0022531847225301994,0.8210541976079447,-,-,-
9,0.4402811264722566,0.00205521341499191,0.7945277720772769,-,-,-
0,0.4775224727108903,0.0015502730371668818,0.8278836673004633,-,-,-
1,0.4950788296494463,0.002223230446485262,0.8282293330364087,-,-,-
2,0.5469584076672148,0.002215680005088834,0.8156481122783099,-,-,-
3,0.4683173477315331,0.0013196153130026421,0.849381364132271,-,-,-
4,0.5638475293302974,0.0024490050197547458,0.8020842178928346,-,-,-
5,0.4829022130005938,0.0034138143744220006,0.7988371779117658,-,-,-
6,0.42491308678817485,0.004329246741812772,0.7837926930880518,-,-,-
7,0.2871011121746136,0.006484386536463415,0.6855279683952006,-,-,-
8,0.38781963296753774,0.005168439925104601,0.7232216313881569,-,-,-
9,0.3332995366077464,0.004701664651474293,0.7638362024666635,-,-,-
0,0.4678976217908394,0.002021086892934281,0.8269318597518649,-,-,-
1,0.4847395978131709,0.0044171898323878125,0.7436739465869547,-,-,-
2,0.32947562207731157,0.007176213143448175,0.6569230952411204,-,-,-
3,0.5005290369360494,0.0015094759439503002,0.863235838447344,-,-,-
4,0.46053837790577024,0.0029567288677958487,0.793137483402354,-,-,-
5,0.5100490710951063,0.0014254812401467765,0.8492432112919693,-,-,-
6,0.4514488635594111,0.0025477299560933762,0.818847153184329,-,-,-
7,0.5226896564014055,0.0015761743757114427,0.855531394568561,-,-,-
8,0.38727338597526245,0.0025197965354311876,0.8216875057536482,-,-,-
9,0.46506794791412526,0.002187241086379287,0.7988201130714198,-,-,-
0,0.4858431707278758,0.002260710004117629,0.8106067955216751,-,-,-
1,0.4750184216353961,0.0016010652102444495,0.8412680513994488,-,-,-
2,0.5295527960811394,0.0025486945810866903,0.807570097028485,-,-,-
3,0.4347732171989228,0.0019783966953598408,0.8105872034176107,-,-,-
4,0.5305426506443808,0.0017744612048990918,0.8470560914029522,-,-,-
5,0.4455551651898398,0.0021032353527676646,0.8218482813810113,-,-,-
6,0.34918541336452313,0.0034441773424990583,0.7712049518189921,-,-,-
7,0.49612480158331934,0.002664968501724714,0.8056166301618585,-,-,-
8,0.5460160960324187,0.0022840915966665814,0.839603503324356,-,-,-
9,0.3815090713340696,0.002923452803893163,0.8051117426331745,-,-,-
0,0.32242633515250524,0.0053101817646771824,0.7631532165002084,-,-,-
1,0.4323886847248766,0.00360804286998803,0.7744381295054825,-,-,-
2,0.3647790048318615,0.006207255871944743,0.7364832939049414,-,-,-
3,0.3779216888954239,0.0026779362161107353,0.7988843340651407,-,-,-
4,0.3067965564653881,0.007196881795366251,0.741913674142386,-,-,-
5,0.4812662157313183,0.0018277307984897663,0.8468998552681133,-,-,-
6,0.48233208824924695,0.0019503721182406082,0.8463790525441734,-,-,-
7,0.505780898563981,0.002575760201102674,0.827451706166849,-,-,-
8,0.4440789488658176,0.0024897785016307268,0.8110286894133739,-,-,-
9,0.5041250421936213,0.002233982338936743,0.8173800278136161,-,-,-
0,0.5409544534149874,0.001150133087838478,0.8714113947120324,-,-,-
1,0.4914130903370784,0.0011226874842784117,0.8575467245180346,-,-,-
2,0.42167468894115845,0.0024990192332958075,0.8113286230691065,-,-,-
3,0.47538207434817253,0.0025030214959490993,0.8301141426809212,-,-,-
4,0.35823938895655794,0.005351276847524864,0.7371037252333015,-,-,-
5,0.5370433685158316,0.0020418460722200454,0.8191760201757524,-,-,-
6,0.4668208683525716,0.0030513459335565784,0.7870065031070259,-,-,-
7,0.5314391422746753,0.0019326135100235175,0.827307272735733,-,-,-
8,0.3444840613746908,0.006126530099338068,0.7672296031748698,-,-,-
9,0.5792048896448966,0.0015504699114119232,0.8624956380884193,-,-,-
0,0.4008399139128391,0.004935598885735173,0.7175040126382278,-,-,-
1,0.44908262861058085,0.0019410617828575264,0.8172791146676778,-,-,-
2,0.534385868826292,0.0029823420415785082,0.7868338872754473,-,-,-
3,0.40799976411637967,0.001938522103032425,0.8328988605971104,-,-,-
4,0.512608145771321,0.002764526148612447,0.8194395214023042,-,-,-
5,0.48589734349613195,0.002160409894125249,0.8289039169796502,-,-,-
6,0.45271411860610117,0.0026884113501693995,0.7902393042953392,-,-,-
7,0.4601367852096206,0.003924280158839358,0.7657321125688367,-,-,-
8,0.5430845923067493,0.0018147086523608818,0.8384698885484189,-,-,-
9,0.46773623065838793,0.0019172921858298642,0.8416027419920935,-,-,-
0,0.42664740840295184,0.0022284141115178906,0.8273751769535875,-,-,-
1,0.477756569943859,0.002284671802189908,0.790819124452587,-,-,-
2,0.431484368922837,0.0032375608350375226,0.7880129906989627,-,-,-
3,0.47676074338005625,0.002106812004637093,0.8377151710377171,-,-,-
4,0.5539412083060996,0.0026755316469320497,0.785304931750419,-,-,-
5,0.4900147222055464,0.0021171771282841043,0.8445465304097386,-,-,-
6,0.44488309913860297,0.003005268871354658,0.8133412073143117,-,-,-
7,0.5132931438612733,0.0031044638281846285,0.7905532159962181,-,-,-
8,0.463839970792165,0.0020081552904870656,0.8554421402890559,-,-,-
9,0.3416530613327519,0.005510265182632344,0.7254679843909492,-,-,-
0,0.44364539746541837,0.003723727977981411,0.731401752252323,-,-,-
1,0.4881365372910146,0.0015910991463394123,0.8272983422641044,-,-,-
2,0.34884848766097115,0.005225262631881191,0.7576171390557581,-,-,-
3,0.4957375502747596,0.003347584575008163,0.8146716462690541,-,-,-
4,0.4878068208388027,0.0015793521447524173,0.8470722379457993,-,-,-
5,0.45272550051856564,0.0022381970270881416,0.8023847806446578,-,-,-
6,0.505501209605573,0.001983224534163976,0.838604987001556,-,-,-
7,0.3279186700854064,0.006658955800385303,0.7576116677252399,-,-,-
8,0.4152568512508748,0.005082512678952405,0.7800818770293059,-,-,-
9,0.46115235707090174,0.002767641178829185,0.7921426910843146,-,-,-
0,0.4166829389997009,0.00369685620285425,0.8075487552716583,-,-,-
1,0.5002962565795216,0.0015932001312521725,0.8546275671983031,-,-,-
2,0.4326787176785621,0.0019553168042860725,0.8340449785866414,-,-,-
3,0.47029859830781245,0.0018632307098454116,0.8444174806367244,-,-,-
4,0.4773928330836315,0.00458519893645242,0.7746613017564666,-,-,-
5,0.39322090704032264,0.0029564833039013045,0.7841434038585342,-,-,-
6,0.4400940647392113,0.0037777136995237855,0.7855745216686179,-,-,-
7,0.4655675403550186,0.0034610035069708987,0.8108937389429735,-,-,-
8,0.4995888727845475,0.001855116029237952,0.862293430946032,-,-,-
9,0.4338733717225711,0.004839008918976457,0.7801206237770005,-,-,-
0,0.4236099529356349,0.003516550506088542,0.7882990162293597,-,-,-
1,0.3843215609316151,0.002852159468839635,0.7983194141840905,-,-,-
2,0.4839191891306184,0.001887159932519853,0.8215999569577547,-,-,-
3,0.41429601880536476,0.002522572054415055,0.8211171428830584,-,-,-
4,0.3573940913279319,0.004844446407574628,0.7314103419960911,-,-,-
5,0.5617390461493047,0.002229168563394741,0.826999475078533,-,-,-
6,0.36470026014929213,0.004235747541489018,0.7747840765851838,-,-,-
7,0.4602952063798425,0.0028609793101400612,0.8032986160933911,-,-,-
8,0.5347726751506828,0.0018244805270696046,0.8358257977898114,-,-,-
9,0.511414293968807,0.0014558093305495306,0.840944389256078,-,-,-
0,0.4144084985622033,0.0035991681017427343,0.7733345151237515,-,-,-
1,0.4467156884498698,0.002760477681852366,0.7777383802998482,-,-,-
2,0.35487634074152974,0.005445862928035729,0.7348115848812409,-,-,-
3,0.3865056297583067,0.003625441495527121,0.7883347155908527,-,-,-
4,0.42880027962321315,0.0038182199927896962,0.7622731455729623,-,-,-
5,0.43235038843039936,0.0032377151195377737,0.8022949258948243,-,-,-
6,0.44371011065512,0.0026753348973895,0.814783884978551,-,-,-
7,0.4924258562882887,0.004498700797883229,0.7815984787005137,-,-,-
8,0.5015492378154275,0.002921378478833488,0.8179751318866656,-,-,-
9,0.4454409943578886,0.0018544769968910238,0.8509269886904923,-,-,-
0,0.5563036774134767,0.0017207043272101986,0.8403226853410353,-,-,-
1,0.4470925013199744,0.0018931021609891131,0.8298104236404149,-,-,-
2,0.4742127403034122,0.002481370405460446,0.8065188584947794,-,-,-
3,0.4814216148249201,0.0021282729509721006,0.8403044070534407,-,-,-
4,0.3425507483499649,0.0030325552356247057,0.8067730677168049,-,-,-
5,0.5084164569754979,0.002582548512368219,0.826773807243615,-,-,-
6,0.4428494922122897,0.0030436386745279114,0.804845300493386,-,-,-
7,0.46192407413846526,0.002369192967068214,0.8065891823629913,-,-,-
8,0.5049117097580805,0.0020289141438905815,0.8294094282893164,-,-,-
9,0.428158577334032,0.002693331792827832,0.8178628126489268,-,-,-
0,0.4296995850816132,0.0020984672447110215,0.8106746342737944,-,-,-
1,0.5089896785865667,0.0033646804612383913,0.7821111308146736,-,-,-
2,0.45877463665553375,0.0031907029569428363,0.8049118554187604,-,-,-
3,0.4718235456078973,0.002383129486197031,0.8259525498092413,-,-,-
4,0.4797262275710577,0.002036869691147866,0.844626377599127,-,-,-
5,0.44136783343831193,0.003230642493899348,0.7700006929116797,-,-,-
6,0.4426835936424836,0.003405840808415738,0.7851747195356535,-,-,-
7,0.5297606875079408,0.0022220738408154635,0.8278889245980376,-,-,-
8,0.43826223410899273,0.0020724279150436168,0.8288579452345244,-,-,-
9,0.48983057597830654,0.0038064375620930537,0.7802182735290821,-,-,-
0,0.4284614147722979,0.0021956033447923713,0.8276994549331742,-,-,-
1,0.4972585128128645,0.003591359243774207,0.8187157408029485,-,-,-
2,0.43165099380260813,0.0020885153908773548,0.8157988637223674,-,-,-
3,0.48512490619882626,0.001517312229613736,0.856233001397947,-,-,-
4,0.5068785253133888,0.0023680384720919587,0.8221760620765465,-,-,-
5,0.44555795176748914,0.002268815271527112,0.8219085009263838,-,-,-
6,0.5185372927444262,0.0020150936901781043,0.8333103540918829,-,-,-
7,0.5123106110477667,0.001377555422264722,0.8479228849161128,-,-,-
8,0.45148391855690045,0.004084373528876749,0.773786175258254,-,-,-
9,0.4844168974801036,0.0018755967519529639,0.8310502192552054,-,-,-
0,0.4333503322566409,0.0020199343339297507,0.8285702468425609,-,-,-
1,0.4097427204604664,0.005201723594760303,0.7249618745578332,-,-,-
2,0.4698488955268005,0.0022683254869928435,0.8424083983201588,-,-,-
3,0.5026433472859121,0.0014796801384444002,0.8655609049610891,-,-,-
4,0.44402493067142623,0.0018190739597555132,0.8163460898909476,-,-,-
5,0.45736092704890324,0.003068667410242504,0.7995658898684369,-,-,-
6,0.4225079726359215,0.005486936555851585,0.7541717195721148,-,-,-
7,0.4938344799001489,0.001915012572817295,0.8392851489246662,-,-,-
8,0.38941164538548173,0.005013770892882932,0.7334088125571776,-,-,-
9,0.4300549074259047,0.003820474363763976,0.7960705058381259,-,-,-
0,0.4185694477317058,0.0034147530149458076,0.7994288352666141,-,-,-
1,0.4824366707187699,0.002392308359801937,0.8219829934097186,-,-,-
2,0.4711444667319372,0.0020759849529690525,0.8405028666970523,-,-,-
3,0.5002695248169399,0.0021482209288357225,0.84609617705674,-,-,-
4,0.5292117070011086,0.0025326354512912345,0.8359238863128858,-,-,-
5,0.5067689112483128,0.0017892713003410331,0.8469136829717088,-,-,-
6,0.42529440360340187,0.0016359909478355962,0.8344310891325065,-,-,-
7,0.4536443379007429,0.0022443045464165252,0.8197327628861818,-,-,-
8,0.47931522531928544,0.002512704755207727,0.8052733354897825,-,-,-
9,0.4744921467137414,0.001882017662420211,0.835494000818071,-,-,-
0,0.4124316008411032,0.0024002146011711544,0.7958464456334243,-,-,-
1,0.34794035767075554,0.004531470659881626,0.7452663739093517,-,-,-
2,0.445713164101915,0.0024920625404710258,0.8104397580833544,-,-,-
3,0.4729546807300379,0.002820695838035609,0.7721691621186576,-,-,-
4,0.4668832339384061,0.0024881409040933204,0.8195979974916902,-,-,-
5,0.4957154919231504,0.0029947568042065996,0.8081089293691174,-,-,-
6,0.39110482159633264,0.002998545013898461,0.8119094359930248,-,-,-
7,0.4912757116380289,0.001695699232727406,0.8527795298000216,-,-,-
8,0.5278403813947683,0.0015818075263931129,0.8520760720184196,-,-,-
9,0.4143187428662773,0.0027374688736352664,0.7915810584401349,-,-,-
0,0.4906990397235186,0.0024857935737906244,0.796233049705748,-,-,-
1,0.4421482941655399,0.004019794518131721,0.7584621473914276,-,-,-
2,0.4341611330885084,0.004082629764576582,0.7979201409381733,-,-,-
3,0.45141869658889605,0.0023832200276363382,0.8119003300473979,-,-,-
4,0.45355469928290465,0.0023679634996275063,0.8113522217764046,-,-,-
5,0.4649916234623762,0.002350434233901338,0.8147714893547782,-,-,-
6,0.43838101303946625,0.002119516365550711,0.8213549438339894,-,-,-
7,0.45576893580806727,0.0018771175447916597,0.8174931029938388,-,-,-
8,0.49785739630495457,0.0019403539518446252,0.8132750097482039,-,-,-
9,0.4705713110538822,0.0016649417767677982,0.8357756269557263,-,-,-
0,0.3277880686971079,0.006213750434593603,0.7484421711013907,-,-,-
1,0.4839063094336227,0.002398849365770629,0.8231524630423926,-,-,-
2,0.4787393043172251,0.0024195171342745775,0.8146445808499869,-,-,-
3,0.5154304435220097,0.0016141392349846185,0.8492032094287217,-,-,-
4,0.3794021879268877,0.0020114396497067895,0.8138691823677326,-,-,-
5,0.42660270469781575,0.002102089413866589,0.8217054389427947,-,-,-
6,0.519818298404272,0.0024202703664942538,0.811635547043539,-,-,-
7,0.3332217060103425,0.006195113632494079,0.7400644272166758,-,-,-
8,0.3950899921950571,0.0024039018730823915,0.8177446718440907,-,-,-
9,0.37885412279416936,0.007473831035582976,0.7639919752332609,-,-,-
0,0.5173524042609029,0.002922622875600084,0.8086047331221661,-,-,-
1,0.4670873189690557,0.0028928460171210907,0.8033946045550427,-,-,-
2,0.4010606991474096,0.002450133421438866,0.8100480488689393,-,-,-
3,0.45295808589072817,0.0016790361392747676,0.8599527512115028,-,-,-
4,0.45474618420529844,0.0013816621600108777,0.8720914008010296,-,-,-
5,0.4197330019923602,0.0035439067719768864,0.7641511958053226,-,-,-
6,0.47349708867199736,0.0021408522164920807,0.8443234365727205,-,-,-
7,0.45084021038481426,0.0017234786081175323,0.8426637570996895,-,-,-
8,0.4848005750635876,0.003317020905218937,0.7597320697508162,-,-,-
9,0.5035392318612016,0.0022726251368527296,0.8199604090891024,-,-,-
0,0.5510138680348461,0.0018773696983194713,0.8354523619991082,-,-,-
1,0.44650438102005546,0.002638718203544195,0.752156851769315,-,-,-
2,0.5659165512781494,0.0026443670602774054,0.8149819349229499,-,-,-
3,0.4366548220081944,0.00427895124966728,0.7688459618975364,-,-,-
4,0.4313879983124766,0.0030009780270349403,0.7981081531288565,-,-,-
5,0.4150280898412198,0.003001393290195932,0.8002380055640276,-,-,-
6,0.337198752481294,0.004804393841878561,0.7354631963613703,-,-,-
7,0.35531071512397233,0.00472231284860616,0.7598754173120584,-,-,-
8,0.45970710573113965,0.0038501286846897072,0.7678314110393263,-,-,-
9,0.4631056369540782,0.0039485908278879996,0.7776848740290687,-,-,-
0,0.4260772986659136,0.0038299253003420113,0.7713462132598983,-,-,-
1,0.3216602310217374,0.00729950417063728,0.6427907902236721,-,-,-
2,0.48075580388671213,0.0028646817631594874,0.8109945022382118,-,-,-
3,0.5044776028973147,0.0017677592804978895,0.8417849212047801,-,-,-
4,0.4738315569282456,0.0028931880893466387,0.7984934937379561,-,-,-
5,0.537662990794746,0.0014134431706289063,0.8591975936448013,-,-,-
6,0.3936474152784845,0.003049592944380158,0.7741918468206438,-,-,-
7,0.515038547563586,0.0010907500466736013,0.8799137141852076,-,-,-
8,0.5123591457077464,0.00179936638146517,0.8211285499422901,-,-,-
9,0.45668408736344573,0.001761826467612169,0.8186194068216898,-,-,-
0,0.5193663309986207,0.0020066670366058375,0.8388676369387947,-,-,-
1,0.4205033518434684,0.003058887648472495,0.7743370433309746,-,-,-
2,0.5117886287490865,0.002658135237301874,0.8020236634352832,-,-,-
3,0.5238861677103005,0.0010390697668990216,0.8820581350236427,-,-,-
4,0.46905122083621426,0.0021050819520761353,0.8227912433661901,-,-,-
5,0.4388298726049498,0.002994351873901386,0.7813355803451648,-,-,-
6,0.5002613716462565,0.0021788435278149304,0.8179781848082375,-,-,-
7,0.44201070814298615,0.002893033988895907,0.8178676209101688,-,-,-
8,0.3754910802351893,0.003549652945131661,0.7969906603026582,-,-,-
9,0.4120261902893192,0.0032643190636369706,0.7740354259427544,-,-,-
0,0.3965204818812316,0.005698372921980937,0.7602212431835524,-,-,-
1,0.478194979238309,0.0030146199909758795,0.7865979781431941,-,-,-
2,0.34845466362626387,0.005639751717818498,0.7526975142620791,-,-,-
3,0.47309353363767886,0.0020886165883556088,0.8337143249399899,-,-,-
4,0.45033909921078613,0.001469205047204199,0.8594223702328309,-,-,-
5,0.5074818373831517,0.002337079388612388,0.8315774266466318,-,-,-
6,0.5039564457133702,0.0015119738097629184,0.8578379206327922,-,-,-
7,0.4660348958571265,0.0017590168966608174,0.8280840288459913,-,-,-
8,0.456010650086366,0.0015367187483392264,0.8476960073291712,-,-,-
9,0.4658967083127826,0.0013572586077248592,0.8671524764522694,-,-,-
0,0.47611721079258934,0.0022469235833852425,0.8284217816820227,-,-,-
1,0.40893985791655557,0.003621863491974129,0.7506993270387552,-,-,-
2,0.44933474376905264,0.002609772244293675,0.8236480709676648,-,-,-
3,0.5331903274525793,0.0021678053149675127,0.8212386729801568,-,-,-
4,0.3974365007023553,0.003393673112499892,0.771714522667473,-,-,-
5,0.5598652380160305,0.0013774970778843599,0.8503548333700496,-,-,-
6,0.30283982711174945,0.005588522716538788,0.7293441680091148,-,-,-
7,0.5181384442163434,0.001614383563959466,0.8422306200858325,-,-,-
8,0.43648659653641536,0.0035309917164362274,0.808691944965571,-,-,-
9,0.5187663561115589,0.0025689080706172277,0.8120574810155881,-,-,-
0,0.4445444180227176,0.0023642494934439967,0.7963824646045623,-,-,-
1,0.40146312229791686,0.0019640052341396695,0.8159734570947274,-,-,-
2,0.4041144274338178,0.0038046194840909734,0.7676739186593363,-,-,-
3,0.49414333783209796,0.0025527493667062595,0.8216967406448924,-,-,-
4,0.49251344579488493,0.001881796429840682,0.8267304651715031,-,-,-
5,0.4658551416608416,0.0035929934951441033,0.777109357330516,-,-,-
6,0.5121163635250653,0.0020930804503365335,0.811890410081863,-,-,-
7,0.4681991464860892,0.003245607171577548,0.7976770014061537,-,-,-
8,0.5105918261875879,0.0016191573223654698,0.8438430198308868,-,-,-
-,-,-,-,0.4569858432334623,0.8071223720115382,0.0028458413786851895
